pk_cid,cluster,cluster_name,propensity_investment
1537017,1,Universitarios Estándar,0.9994987
202565,1,Universitarios Estándar,0.9994766
1531924,1,Universitarios Estándar,0.99932885
1539457,1,Universitarios Estándar,0.9990274
1549591,1,Universitarios Estándar,0.9989635
1532941,1,Universitarios Estándar,0.9988374
1550563,1,Universitarios Estándar,0.9985801
1550772,1,Universitarios Estándar,0.9985801
1536941,1,Universitarios Estándar,0.9985409
1550104,1,Universitarios Estándar,0.9984737
1532596,1,Universitarios Estándar,0.9983063
1549136,1,Universitarios Estándar,0.9982528
1548311,1,Universitarios Estándar,0.99824893
1551833,1,Universitarios Estándar,0.998242
1537502,1,Universitarios Estándar,0.9982338
1538953,1,Universitarios Estándar,0.99808383
1530907,1,Universitarios Estándar,0.9979557
1552950,1,Universitarios Estándar,0.99790263
1544889,1,Universitarios Estándar,0.9978586
1547427,1,Universitarios Estándar,0.9976937
1548423,1,Universitarios Estándar,0.99762434
1526663,1,Universitarios Estándar,0.9974408
1550359,1,Universitarios Estándar,0.9973258
1534923,1,Universitarios Estándar,0.99716824
1530270,1,Universitarios Estándar,0.99707913
1538418,1,Universitarios Estándar,0.99700963
1551575,1,Universitarios Estándar,0.99700314
1537207,1,Universitarios Estándar,0.9969807
1550958,1,Universitarios Estándar,0.996657
1543371,1,Universitarios Estándar,0.99657285
1537838,1,Universitarios Estándar,0.9965496
1534914,1,Universitarios Estándar,0.9964838
1552849,1,Universitarios Estándar,0.9964413
1527057,1,Universitarios Estándar,0.99619055
1549760,1,Universitarios Estándar,0.9961541
1550086,1,Universitarios Estándar,0.99603266
1549346,1,Universitarios Estándar,0.99596894
1549873,1,Universitarios Estándar,0.99579453
1542220,1,Universitarios Estándar,0.995673
1551630,1,Universitarios Estándar,0.9956091
1538707,1,Universitarios Estándar,0.99560213
1551077,1,Universitarios Estándar,0.99546945
1549708,1,Universitarios Estándar,0.9954299
1549410,1,Universitarios Estándar,0.99537474
1532628,1,Universitarios Estándar,0.99532205
893533,1,Universitarios Estándar,0.99528605
1552310,1,Universitarios Estándar,0.9952792
1528327,1,Universitarios Estándar,0.99526393
1552042,1,Universitarios Estándar,0.9950795
1532175,1,Universitarios Estándar,0.9949884
1547448,1,Universitarios Estándar,0.9949822
1549355,1,Universitarios Estándar,0.9948453
1548939,1,Universitarios Estándar,0.9947923
1539108,1,Universitarios Estándar,0.99461573
1551881,1,Universitarios Estándar,0.99449027
1549698,1,Universitarios Estándar,0.99447834
1549262,1,Universitarios Estándar,0.9944759
1551202,1,Universitarios Estándar,0.9944759
1524991,1,Universitarios Estándar,0.9944195
1532656,1,Universitarios Estándar,0.99438286
1550222,1,Universitarios Estándar,0.9943703
1523146,1,Universitarios Estándar,0.99430543
1533122,1,Universitarios Estándar,0.99427867
1552992,1,Universitarios Estándar,0.99427116
1538952,1,Universitarios Estándar,0.9942082
1550450,1,Universitarios Estándar,0.9937064
1550445,1,Universitarios Estándar,0.99366343
1549838,1,Universitarios Estándar,0.993541
45848,1,Universitarios Estándar,0.9934232
1539061,1,Universitarios Estándar,0.9933622
1534338,1,Universitarios Estándar,0.9933182
1548872,1,Universitarios Estándar,0.99323976
1525157,1,Universitarios Estándar,0.9929109
1551562,1,Universitarios Estándar,0.99286413
1524009,1,Universitarios Estándar,0.9928227
1552021,1,Universitarios Estándar,0.9927564
1534461,1,Universitarios Estándar,0.9925184
1551860,1,Universitarios Estándar,0.99240464
1550985,1,Universitarios Estándar,0.9924038
1527154,1,Universitarios Estándar,0.9923211
1548650,1,Universitarios Estándar,0.9921748
1552567,1,Universitarios Estándar,0.9921748
1552069,1,Universitarios Estándar,0.9921745
1540732,1,Universitarios Estándar,0.99216217
1549998,1,Universitarios Estándar,0.9919329
1550741,1,Universitarios Estándar,0.99185103
1552688,1,Universitarios Estándar,0.99154085
1533488,1,Universitarios Estándar,0.99152094
1548624,1,Universitarios Estándar,0.99127674
1546225,1,Universitarios Estándar,0.9910766
1526070,1,Universitarios Estándar,0.9909904
1550087,1,Universitarios Estándar,0.99098337
1551137,1,Universitarios Estándar,0.99038154
97124,1,Universitarios Estándar,0.9903757
1538545,1,Universitarios Estándar,0.99013746
1528904,1,Universitarios Estándar,0.9900775
1532796,1,Universitarios Estándar,0.9900662
1549911,1,Universitarios Estándar,0.98989666
1533128,1,Universitarios Estándar,0.9897314
1533281,1,Universitarios Estándar,0.9896588
1549671,2,Inactivos Totales,0.9953731
1552122,2,Inactivos Totales,0.9941401
1553338,2,Inactivos Totales,0.9941401
1551991,2,Inactivos Totales,0.9934902
1551269,2,Inactivos Totales,0.99144405
1343927,2,Inactivos Totales,0.9908756
1550444,2,Inactivos Totales,0.9904785
1362490,2,Inactivos Totales,0.9862322
1550849,2,Inactivos Totales,0.9837204
1548438,2,Inactivos Totales,0.9834801
1551900,2,Inactivos Totales,0.98345965
1550275,2,Inactivos Totales,0.98302966
1553152,2,Inactivos Totales,0.9810403
1548545,2,Inactivos Totales,0.9804584
1551035,2,Inactivos Totales,0.9781114
1552526,2,Inactivos Totales,0.977145
1550766,2,Inactivos Totales,0.9744367
1147267,2,Inactivos Totales,0.9740485
1549537,2,Inactivos Totales,0.9731531
1533440,2,Inactivos Totales,0.9722864
1550436,2,Inactivos Totales,0.97219616
1551091,2,Inactivos Totales,0.9695935
1551793,2,Inactivos Totales,0.9692085
1553004,2,Inactivos Totales,0.968158
603198,2,Inactivos Totales,0.9676666
1548779,2,Inactivos Totales,0.96500176
1550488,2,Inactivos Totales,0.96333385
1550501,2,Inactivos Totales,0.9631186
1549034,2,Inactivos Totales,0.9623974
1551093,2,Inactivos Totales,0.9594867
1549229,2,Inactivos Totales,0.9585679
1549746,2,Inactivos Totales,0.95795184
1552463,2,Inactivos Totales,0.95795184
1549223,2,Inactivos Totales,0.9545643
1551966,2,Inactivos Totales,0.95452595
1549822,2,Inactivos Totales,0.95425093
1552820,2,Inactivos Totales,0.9534817
1548800,2,Inactivos Totales,0.9495646
1549002,2,Inactivos Totales,0.94875306
1550288,2,Inactivos Totales,0.9429546
1550482,2,Inactivos Totales,0.937786
1548996,2,Inactivos Totales,0.9377434
1550112,2,Inactivos Totales,0.9377434
1551135,2,Inactivos Totales,0.9377434
1533176,2,Inactivos Totales,0.93511313
1551678,2,Inactivos Totales,0.9308003
1548642,2,Inactivos Totales,0.9153568
1548733,2,Inactivos Totales,0.90879506
1551585,2,Inactivos Totales,0.90879506
1550067,2,Inactivos Totales,0.90739137
1550319,2,Inactivos Totales,0.90739137
1553020,2,Inactivos Totales,0.90739137
1551811,2,Inactivos Totales,0.9069871
1550320,2,Inactivos Totales,0.89949185
1523769,2,Inactivos Totales,0.89913136
1549453,2,Inactivos Totales,0.8961576
1551702,2,Inactivos Totales,0.8898064
1551052,2,Inactivos Totales,0.8576559
1551276,2,Inactivos Totales,0.8576559
1549485,2,Inactivos Totales,0.8445705
1548480,2,Inactivos Totales,0.8350795
1547001,2,Inactivos Totales,0.8120354
1551517,2,Inactivos Totales,0.8053456
1553188,2,Inactivos Totales,0.8029928
1552316,2,Inactivos Totales,0.793206
1549283,2,Inactivos Totales,0.78724664
1512334,2,Inactivos Totales,0.7716258
1551097,2,Inactivos Totales,0.77107185
1549286,2,Inactivos Totales,0.7708568
1549918,2,Inactivos Totales,0.7708568
1552409,2,Inactivos Totales,0.7708568
1551934,2,Inactivos Totales,0.73572767
1549403,2,Inactivos Totales,0.7344512
1550776,2,Inactivos Totales,0.70881104
1551117,2,Inactivos Totales,0.70881104
1515033,2,Inactivos Totales,0.7023737
1549787,2,Inactivos Totales,0.69392085
1550722,2,Inactivos Totales,0.69392085
1547080,2,Inactivos Totales,0.69055337
1523058,2,Inactivos Totales,0.679644
1512335,2,Inactivos Totales,0.67093354
1544294,2,Inactivos Totales,0.6600591
1521381,2,Inactivos Totales,0.6587348
1514865,2,Inactivos Totales,0.6539286
1550657,2,Inactivos Totales,0.64907134
1521536,2,Inactivos Totales,0.64694774
1551654,2,Inactivos Totales,0.6272325
1375719,2,Inactivos Totales,0.62512964
1549371,2,Inactivos Totales,0.62512964
1549795,2,Inactivos Totales,0.6217007
1552228,2,Inactivos Totales,0.6210247
1550963,2,Inactivos Totales,0.6202485
1551490,2,Inactivos Totales,0.6202485
1525013,2,Inactivos Totales,0.6115836
1551987,2,Inactivos Totales,0.61032736
1550318,2,Inactivos Totales,0.60522664
1551142,2,Inactivos Totales,0.60522664
1548418,2,Inactivos Totales,0.5828465
1549427,2,Inactivos Totales,0.5828465
1550798,2,Inactivos Totales,0.5828465
1539898,3,Profesionales Dormidos,0.9984315
1537962,3,Profesionales Dormidos,0.9983082
1538260,3,Profesionales Dormidos,0.9980052
1537460,3,Profesionales Dormidos,0.9978186
1541767,3,Profesionales Dormidos,0.9978186
1518404,3,Profesionales Dormidos,0.99761
1529943,3,Profesionales Dormidos,0.9973719
1537503,3,Profesionales Dormidos,0.99725336
1532537,3,Profesionales Dormidos,0.99725264
1537173,3,Profesionales Dormidos,0.99722195
1532682,3,Profesionales Dormidos,0.9966798
1237337,3,Profesionales Dormidos,0.99646497
1546037,3,Profesionales Dormidos,0.99646497
1517198,3,Profesionales Dormidos,0.99587613
1525341,3,Profesionales Dormidos,0.9957073
1539518,3,Profesionales Dormidos,0.99557674
1540756,3,Profesionales Dormidos,0.9954045
1543467,3,Profesionales Dormidos,0.9951379
1546494,3,Profesionales Dormidos,0.9945051
1529618,3,Profesionales Dormidos,0.99426854
1546683,3,Profesionales Dormidos,0.9935905
1530131,3,Profesionales Dormidos,0.9931908
1548007,3,Profesionales Dormidos,0.99302673
1543377,3,Profesionales Dormidos,0.9920332
1436375,3,Profesionales Dormidos,0.99196845
1538253,3,Profesionales Dormidos,0.99192655
1547515,3,Profesionales Dormidos,0.99105597
1537124,3,Profesionales Dormidos,0.9910358
1546024,3,Profesionales Dormidos,0.99081236
25569,3,Profesionales Dormidos,0.99079883
1520048,3,Profesionales Dormidos,0.9898958
1535533,3,Profesionales Dormidos,0.98985636
1536830,3,Profesionales Dormidos,0.9894421
1547704,3,Profesionales Dormidos,0.9886276
1538284,3,Profesionales Dormidos,0.9884469
1537483,3,Profesionales Dormidos,0.9874988
1544714,3,Profesionales Dormidos,0.98657566
1542281,3,Profesionales Dormidos,0.98628205
1541337,3,Profesionales Dormidos,0.98607975
1547090,3,Profesionales Dormidos,0.9858619
811483,3,Profesionales Dormidos,0.98563945
1541331,3,Profesionales Dormidos,0.9850033
1537137,3,Profesionales Dormidos,0.9848744
1539660,3,Profesionales Dormidos,0.98457664
1547192,3,Profesionales Dormidos,0.98453146
1535314,3,Profesionales Dormidos,0.9843343
1532080,3,Profesionales Dormidos,0.98419636
1545938,3,Profesionales Dormidos,0.98378354
1542917,3,Profesionales Dormidos,0.9837834
1541669,3,Profesionales Dormidos,0.98328257
1543208,3,Profesionales Dormidos,0.98325825
1534682,3,Profesionales Dormidos,0.98274994
1546414,3,Profesionales Dormidos,0.98235357
1545932,3,Profesionales Dormidos,0.98172873
1522791,3,Profesionales Dormidos,0.98155737
1546413,3,Profesionales Dormidos,0.9814875
1547965,3,Profesionales Dormidos,0.9814875
1540458,3,Profesionales Dormidos,0.981448
1534756,3,Profesionales Dormidos,0.9814378
1538706,3,Profesionales Dormidos,0.9811674
1534746,3,Profesionales Dormidos,0.9805489
1539078,3,Profesionales Dormidos,0.97994655
539540,3,Profesionales Dormidos,0.97994655
1541801,3,Profesionales Dormidos,0.9797188
1535110,3,Profesionales Dormidos,0.9796007
1541491,3,Profesionales Dormidos,0.97947705
90957,3,Profesionales Dormidos,0.9790867
1541047,3,Profesionales Dormidos,0.9790758
1532167,3,Profesionales Dormidos,0.9789491
1538769,3,Profesionales Dormidos,0.97890306
1547465,3,Profesionales Dormidos,0.9785951
1539875,3,Profesionales Dormidos,0.9784499
1545744,3,Profesionales Dormidos,0.9783398
431167,3,Profesionales Dormidos,0.97809255
1540582,3,Profesionales Dormidos,0.9780171
1543203,3,Profesionales Dormidos,0.9770427
1547220,3,Profesionales Dormidos,0.97698534
1540644,3,Profesionales Dormidos,0.97652996
537644,3,Profesionales Dormidos,0.97612303
1540821,3,Profesionales Dormidos,0.9760808
1546153,3,Profesionales Dormidos,0.9755594
872533,3,Profesionales Dormidos,0.9755594
1534081,3,Profesionales Dormidos,0.9755014
1541198,3,Profesionales Dormidos,0.97440165
1544235,3,Profesionales Dormidos,0.97335047
1544762,3,Profesionales Dormidos,0.97318506
1541625,3,Profesionales Dormidos,0.9731449
1544759,3,Profesionales Dormidos,0.9724512
1543666,3,Profesionales Dormidos,0.9721432
1547929,3,Profesionales Dormidos,0.9714668
1529917,3,Profesionales Dormidos,0.971341
1535153,3,Profesionales Dormidos,0.971341
1540666,3,Profesionales Dormidos,0.97046655
1543486,3,Profesionales Dormidos,0.96954435
1541229,3,Profesionales Dormidos,0.96951
1548103,3,Profesionales Dormidos,0.9692573
1541990,3,Profesionales Dormidos,0.96920234
1547545,3,Profesionales Dormidos,0.96895075
1547670,3,Profesionales Dormidos,0.96890813
1531424,3,Profesionales Dormidos,0.96863025
1542104,4,Alto Valor Principal,0.99882644
1546691,4,Alto Valor Principal,0.99866104
1547914,4,Alto Valor Principal,0.9985613
1533301,4,Alto Valor Principal,0.9985362
1547916,4,Alto Valor Principal,0.9985127
1530958,4,Alto Valor Principal,0.9984273
1543379,4,Alto Valor Principal,0.9981699
445586,4,Alto Valor Principal,0.9980028
1388718,4,Alto Valor Principal,0.99776185
1531599,4,Alto Valor Principal,0.9975332
1533782,4,Alto Valor Principal,0.99747187
1547885,4,Alto Valor Principal,0.9973699
1531366,4,Alto Valor Principal,0.9972625
1540973,4,Alto Valor Principal,0.99713135
1546824,4,Alto Valor Principal,0.9967667
1544888,4,Alto Valor Principal,0.99672997
1529367,4,Alto Valor Principal,0.99643195
240547,4,Alto Valor Principal,0.996412
1543357,4,Alto Valor Principal,0.9962883
1543892,4,Alto Valor Principal,0.9961243
1547147,4,Alto Valor Principal,0.99607545
1531436,4,Alto Valor Principal,0.9960461
1542871,4,Alto Valor Principal,0.99602735
1540203,4,Alto Valor Principal,0.9959733
1531604,4,Alto Valor Principal,0.9958973
1546612,4,Alto Valor Principal,0.99579406
1548078,4,Alto Valor Principal,0.99564606
1545965,4,Alto Valor Principal,0.9956203
1517747,4,Alto Valor Principal,0.99552876
161739,4,Alto Valor Principal,0.99549556
1547489,4,Alto Valor Principal,0.9953827
1545715,4,Alto Valor Principal,0.9953564
1530457,4,Alto Valor Principal,0.9953399
1547837,4,Alto Valor Principal,0.99532557
1547053,4,Alto Valor Principal,0.9952708
1267689,4,Alto Valor Principal,0.9952213
1547602,4,Alto Valor Principal,0.99519956
1546766,4,Alto Valor Principal,0.9951604
1548002,4,Alto Valor Principal,0.9951533
1546810,4,Alto Valor Principal,0.99515027
1543055,4,Alto Valor Principal,0.9950808
1545977,4,Alto Valor Principal,0.9949574
1401345,4,Alto Valor Principal,0.9948138
1530338,4,Alto Valor Principal,0.9948068
1433339,4,Alto Valor Principal,0.99479103
1546963,4,Alto Valor Principal,0.99476963
803568,4,Alto Valor Principal,0.9947337
1537254,4,Alto Valor Principal,0.9947019
1542630,4,Alto Valor Principal,0.9945834
1547719,4,Alto Valor Principal,0.9945797
1544561,4,Alto Valor Principal,0.9945596
1539409,4,Alto Valor Principal,0.99448746
1547989,4,Alto Valor Principal,0.9942159
1525026,4,Alto Valor Principal,0.99419266
1542237,4,Alto Valor Principal,0.9939196
892783,4,Alto Valor Principal,0.99391043
219297,4,Alto Valor Principal,0.9938595
1544510,4,Alto Valor Principal,0.9938407
1545292,4,Alto Valor Principal,0.99370366
1542837,4,Alto Valor Principal,0.99368733
1543859,4,Alto Valor Principal,0.9935306
1545191,4,Alto Valor Principal,0.9934278
676016,4,Alto Valor Principal,0.9933561
1520887,4,Alto Valor Principal,0.9933256
115529,4,Alto Valor Principal,0.9933229
1538017,4,Alto Valor Principal,0.9932949
1545995,4,Alto Valor Principal,0.9931217
1547274,4,Alto Valor Principal,0.9931217
1537193,4,Alto Valor Principal,0.993115
1547537,4,Alto Valor Principal,0.99295133
1547492,4,Alto Valor Principal,0.9929335
1548050,4,Alto Valor Principal,0.9929335
1548125,4,Alto Valor Principal,0.9929293
1545578,4,Alto Valor Principal,0.9928604
1543677,4,Alto Valor Principal,0.99275595
1539840,4,Alto Valor Principal,0.9926595
1541031,4,Alto Valor Principal,0.99259573
1545359,4,Alto Valor Principal,0.9925605
1546934,4,Alto Valor Principal,0.9925605
1546564,4,Alto Valor Principal,0.9925289
1547629,4,Alto Valor Principal,0.9925289
1548142,4,Alto Valor Principal,0.9924251
1546783,4,Alto Valor Principal,0.9923626
1542473,4,Alto Valor Principal,0.9923333
1548114,4,Alto Valor Principal,0.9923213
260206,4,Alto Valor Principal,0.99230933
1547858,4,Alto Valor Principal,0.9922488
1530420,4,Alto Valor Principal,0.9921921
1547870,4,Alto Valor Principal,0.99210924
1541155,4,Alto Valor Principal,0.99185395
1546114,4,Alto Valor Principal,0.9918391
1538046,4,Alto Valor Principal,0.9917402
1528902,4,Alto Valor Principal,0.9916469
1545660,4,Alto Valor Principal,0.99163496
1547637,4,Alto Valor Principal,0.9916078
1545645,4,Alto Valor Principal,0.9916074
1543917,4,Alto Valor Principal,0.9914507
1541969,4,Alto Valor Principal,0.9913434
1548039,4,Alto Valor Principal,0.9911917
1547939,4,Alto Valor Principal,0.9909984
1549285,5,Jóvenes Activos Básicos,0.9987111
1550354,5,Jóvenes Activos Básicos,0.99870014
1551280,5,Jóvenes Activos Básicos,0.9985942
1549075,5,Jóvenes Activos Básicos,0.9984395
1549357,5,Jóvenes Activos Básicos,0.9984205
1548985,5,Jóvenes Activos Básicos,0.99826944
1551734,5,Jóvenes Activos Básicos,0.9982333
1550995,5,Jóvenes Activos Básicos,0.9982235
1549238,5,Jóvenes Activos Básicos,0.9981616
1551460,5,Jóvenes Activos Básicos,0.9977786
1550062,5,Jóvenes Activos Básicos,0.9976826
1550667,5,Jóvenes Activos Básicos,0.9975127
1550895,5,Jóvenes Activos Básicos,0.9974475
1549279,5,Jóvenes Activos Básicos,0.9973354
1551298,5,Jóvenes Activos Básicos,0.99717784
1551565,5,Jóvenes Activos Básicos,0.9969279
1550129,5,Jóvenes Activos Básicos,0.9968334
1550510,5,Jóvenes Activos Básicos,0.99674666
1395121,5,Jóvenes Activos Básicos,0.99669904
1550819,5,Jóvenes Activos Básicos,0.99662006
882865,5,Jóvenes Activos Básicos,0.9966197
1550351,5,Jóvenes Activos Básicos,0.9963238
1553541,5,Jóvenes Activos Básicos,0.99623555
1550747,5,Jóvenes Activos Básicos,0.99612635
1551815,5,Jóvenes Activos Básicos,0.9959857
1185013,5,Jóvenes Activos Básicos,0.99577314
1549620,5,Jóvenes Activos Básicos,0.9956428
1549593,5,Jóvenes Activos Básicos,0.9955491
1553043,5,Jóvenes Activos Básicos,0.99545574
1548845,5,Jóvenes Activos Básicos,0.99541134
1548768,5,Jóvenes Activos Básicos,0.9953951
1549232,5,Jóvenes Activos Básicos,0.99515027
753246,5,Jóvenes Activos Básicos,0.99484926
1552754,5,Jóvenes Activos Básicos,0.99469286
1552121,5,Jóvenes Activos Básicos,0.99457943
1550132,5,Jóvenes Activos Básicos,0.9945148
1550252,5,Jóvenes Activos Básicos,0.99449617
1550066,5,Jóvenes Activos Básicos,0.9944841
1552556,5,Jóvenes Activos Básicos,0.9944841
1435695,5,Jóvenes Activos Básicos,0.9942747
1549844,5,Jóvenes Activos Básicos,0.9940984
1548565,5,Jóvenes Activos Básicos,0.99389875
1548679,5,Jóvenes Activos Básicos,0.99388725
1549780,5,Jóvenes Activos Básicos,0.99364775
1549929,5,Jóvenes Activos Básicos,0.99357164
1553224,5,Jóvenes Activos Básicos,0.99355835
1548836,5,Jóvenes Activos Básicos,0.993425
1550596,5,Jóvenes Activos Básicos,0.993357
1550775,5,Jóvenes Activos Básicos,0.99334806
1549056,5,Jóvenes Activos Básicos,0.9928852
1551547,5,Jóvenes Activos Básicos,0.99281454
1549784,5,Jóvenes Activos Básicos,0.99269766
1549974,5,Jóvenes Activos Básicos,0.99267745
1549817,5,Jóvenes Activos Básicos,0.9926144
1504931,5,Jóvenes Activos Básicos,0.99258584
1548828,5,Jóvenes Activos Básicos,0.9924429
1550863,5,Jóvenes Activos Básicos,0.99219996
1551432,5,Jóvenes Activos Básicos,0.99213904
1548640,5,Jóvenes Activos Básicos,0.9919463
1552204,5,Jóvenes Activos Básicos,0.9919463
1549359,5,Jóvenes Activos Básicos,0.9919099
1550739,5,Jóvenes Activos Básicos,0.99183965
1553396,5,Jóvenes Activos Básicos,0.9917175
1552115,5,Jóvenes Activos Básicos,0.9915611
1549363,5,Jóvenes Activos Básicos,0.99153334
1549850,5,Jóvenes Activos Básicos,0.99151915
1551998,5,Jóvenes Activos Básicos,0.9913419
1549191,5,Jóvenes Activos Básicos,0.9913223
1553615,5,Jóvenes Activos Básicos,0.9913161
1540844,5,Jóvenes Activos Básicos,0.9912958
1552569,5,Jóvenes Activos Básicos,0.991178
1550600,5,Jóvenes Activos Básicos,0.9911419
1548387,5,Jóvenes Activos Básicos,0.9909424
1552605,5,Jóvenes Activos Básicos,0.9909354
1550715,5,Jóvenes Activos Básicos,0.9908024
1553660,5,Jóvenes Activos Básicos,0.99070436
1550630,5,Jóvenes Activos Básicos,0.99058634
133933,5,Jóvenes Activos Básicos,0.9904993
1551786,5,Jóvenes Activos Básicos,0.9904732
1552663,5,Jóvenes Activos Básicos,0.99043256
1548730,5,Jóvenes Activos Básicos,0.9903762
1549876,5,Jóvenes Activos Básicos,0.9903627
1549003,5,Jóvenes Activos Básicos,0.9900524
1550124,5,Jóvenes Activos Básicos,0.98995835
1552749,5,Jóvenes Activos Básicos,0.9899092
1520762,5,Jóvenes Activos Básicos,0.98985016
1550271,5,Jóvenes Activos Básicos,0.9898371
1553397,5,Jóvenes Activos Básicos,0.98980147
1548949,5,Jóvenes Activos Básicos,0.989721
1548714,5,Jóvenes Activos Básicos,0.98971844
1549074,5,Jóvenes Activos Básicos,0.98971844
565459,5,Jóvenes Activos Básicos,0.98952603
1553137,5,Jóvenes Activos Básicos,0.9895042
1548437,5,Jóvenes Activos Básicos,0.9893964
1550672,5,Jóvenes Activos Básicos,0.989176
1549627,5,Jóvenes Activos Básicos,0.9886553
1551534,5,Jóvenes Activos Básicos,0.9885296
1549892,5,Jóvenes Activos Básicos,0.9883315
1550278,5,Jóvenes Activos Básicos,0.98814464
102451,5,Jóvenes Activos Básicos,0.9880372
273750,6,Alto Potencial Virgen,0.99964166
400368,6,Alto Potencial Virgen,0.99956757
384337,6,Alto Potencial Virgen,0.99952364
1541629,6,Alto Potencial Virgen,0.99906653
512429,6,Alto Potencial Virgen,0.9990314
1548962,6,Alto Potencial Virgen,0.99895096
1550261,6,Alto Potencial Virgen,0.99895096
1551689,6,Alto Potencial Virgen,0.99854267
1551088,6,Alto Potencial Virgen,0.99824333
1551178,6,Alto Potencial Virgen,0.99803513
1551226,6,Alto Potencial Virgen,0.99803513
1548675,6,Alto Potencial Virgen,0.99802184
1550395,6,Alto Potencial Virgen,0.9979048
1549645,6,Alto Potencial Virgen,0.99789137
240929,6,Alto Potencial Virgen,0.9978618
908668,6,Alto Potencial Virgen,0.9978618
179009,6,Alto Potencial Virgen,0.99775213
1551346,6,Alto Potencial Virgen,0.9975545
154399,6,Alto Potencial Virgen,0.99754566
1548666,6,Alto Potencial Virgen,0.9975114
147454,6,Alto Potencial Virgen,0.99740607
1550134,6,Alto Potencial Virgen,0.9973277
1551379,6,Alto Potencial Virgen,0.9973277
1113919,6,Alto Potencial Virgen,0.9971929
1549380,6,Alto Potencial Virgen,0.99698406
1549678,6,Alto Potencial Virgen,0.99698406
1551615,6,Alto Potencial Virgen,0.9964568
1552010,6,Alto Potencial Virgen,0.99600166
505788,6,Alto Potencial Virgen,0.99599457
279050,6,Alto Potencial Virgen,0.9958313
1553145,6,Alto Potencial Virgen,0.99571216
85045,6,Alto Potencial Virgen,0.9956157
1545679,6,Alto Potencial Virgen,0.99516606
1552222,6,Alto Potencial Virgen,0.9950807
1553114,6,Alto Potencial Virgen,0.9950807
1552626,6,Alto Potencial Virgen,0.9949562
1549424,6,Alto Potencial Virgen,0.9945427
867700,6,Alto Potencial Virgen,0.9945427
1551374,6,Alto Potencial Virgen,0.99451506
1550621,6,Alto Potencial Virgen,0.99432266
1548528,6,Alto Potencial Virgen,0.9942642
1552488,6,Alto Potencial Virgen,0.99423766
1529709,6,Alto Potencial Virgen,0.99377006
1549382,6,Alto Potencial Virgen,0.9937431
1550628,6,Alto Potencial Virgen,0.9937431
1549779,6,Alto Potencial Virgen,0.9937405
1549871,6,Alto Potencial Virgen,0.99371535
575673,6,Alto Potencial Virgen,0.9935941
1551983,6,Alto Potencial Virgen,0.9931892
455178,6,Alto Potencial Virgen,0.9931892
428589,6,Alto Potencial Virgen,0.99312043
1553083,6,Alto Potencial Virgen,0.9929456
1542427,6,Alto Potencial Virgen,0.9928745
1548955,6,Alto Potencial Virgen,0.99284184
1552680,6,Alto Potencial Virgen,0.99284184
1549792,6,Alto Potencial Virgen,0.99268675
247064,6,Alto Potencial Virgen,0.99252665
1548746,6,Alto Potencial Virgen,0.99244225
1549771,6,Alto Potencial Virgen,0.992211
1549254,6,Alto Potencial Virgen,0.9919911
1551012,6,Alto Potencial Virgen,0.9919911
1551920,6,Alto Potencial Virgen,0.9919911
1552497,6,Alto Potencial Virgen,0.9919911
1552952,6,Alto Potencial Virgen,0.9919911
1553684,6,Alto Potencial Virgen,0.9919911
1551916,6,Alto Potencial Virgen,0.99195194
1551952,6,Alto Potencial Virgen,0.99195194
1550804,6,Alto Potencial Virgen,0.99187875
1552618,6,Alto Potencial Virgen,0.99187875
1553644,6,Alto Potencial Virgen,0.99187875
1552857,6,Alto Potencial Virgen,0.99176425
1552991,6,Alto Potencial Virgen,0.99176425
1549014,6,Alto Potencial Virgen,0.9914404
1549192,6,Alto Potencial Virgen,0.9913653
1552996,6,Alto Potencial Virgen,0.9910545
1549368,6,Alto Potencial Virgen,0.99097025
1549582,6,Alto Potencial Virgen,0.99091876
449843,6,Alto Potencial Virgen,0.9908228
1117910,6,Alto Potencial Virgen,0.9906008
1543713,6,Alto Potencial Virgen,0.9904406
1553115,6,Alto Potencial Virgen,0.99030507
1550660,6,Alto Potencial Virgen,0.99027854
1550873,6,Alto Potencial Virgen,0.99027854
1553358,6,Alto Potencial Virgen,0.99027854
1553581,6,Alto Potencial Virgen,0.9901154
1549156,6,Alto Potencial Virgen,0.98973405
223524,6,Alto Potencial Virgen,0.989603
76895,6,Alto Potencial Virgen,0.98950374
1548575,6,Alto Potencial Virgen,0.9893873
1550412,6,Alto Potencial Virgen,0.98930067
1550329,6,Alto Potencial Virgen,0.9888679
1551955,6,Alto Potencial Virgen,0.9888142
1552481,6,Alto Potencial Virgen,0.9888142
1551058,6,Alto Potencial Virgen,0.9885251
1548636,6,Alto Potencial Virgen,0.98823637
1549652,6,Alto Potencial Virgen,0.9882002
1550347,6,Alto Potencial Virgen,0.9882002
1552881,6,Alto Potencial Virgen,0.9882002
1551627,6,Alto Potencial Virgen,0.9878769
1551662,6,Alto Potencial Virgen,0.9878323
1538549,7,Valor Medio-Alto,0.9993175
1539602,7,Valor Medio-Alto,0.9992367
1535653,7,Valor Medio-Alto,0.999158
1540968,7,Valor Medio-Alto,0.9990134
1540486,7,Valor Medio-Alto,0.9989625
1529150,7,Valor Medio-Alto,0.9987452
1538325,7,Valor Medio-Alto,0.99848974
1544792,7,Valor Medio-Alto,0.99848866
1532320,7,Valor Medio-Alto,0.9984504
1532620,7,Valor Medio-Alto,0.99824286
1533505,7,Valor Medio-Alto,0.9981053
1542212,7,Valor Medio-Alto,0.99808264
1539830,7,Valor Medio-Alto,0.99773407
1538921,7,Valor Medio-Alto,0.9975968
1533262,7,Valor Medio-Alto,0.99758697
1532054,7,Valor Medio-Alto,0.9975746
1535384,7,Valor Medio-Alto,0.9974821
1547293,7,Valor Medio-Alto,0.9974375
1535304,7,Valor Medio-Alto,0.9973507
1537741,7,Valor Medio-Alto,0.9973304
1542086,7,Valor Medio-Alto,0.997214
1529130,7,Valor Medio-Alto,0.99707747
1540499,7,Valor Medio-Alto,0.99702185
1546861,7,Valor Medio-Alto,0.9969501
1542758,7,Valor Medio-Alto,0.9966612
1546241,7,Valor Medio-Alto,0.9966354
1001500,7,Valor Medio-Alto,0.99663275
1537179,7,Valor Medio-Alto,0.9965772
1545759,7,Valor Medio-Alto,0.99651235
1533941,7,Valor Medio-Alto,0.99638927
1548064,7,Valor Medio-Alto,0.99638915
1532538,7,Valor Medio-Alto,0.99629825
1533062,7,Valor Medio-Alto,0.996298
1526731,7,Valor Medio-Alto,0.9961349
1545970,7,Valor Medio-Alto,0.9959521
1530393,7,Valor Medio-Alto,0.9959144
1548149,7,Valor Medio-Alto,0.99588555
1527004,7,Valor Medio-Alto,0.99577004
1529500,7,Valor Medio-Alto,0.9956934
1545933,7,Valor Medio-Alto,0.9956921
1537635,7,Valor Medio-Alto,0.99551445
1538062,7,Valor Medio-Alto,0.99549884
751966,7,Valor Medio-Alto,0.9954926
1543741,7,Valor Medio-Alto,0.99547464
1539835,7,Valor Medio-Alto,0.9954684
1382326,7,Valor Medio-Alto,0.9953034
1546881,7,Valor Medio-Alto,0.9951383
1540639,7,Valor Medio-Alto,0.9951108
1544175,7,Valor Medio-Alto,0.99506855
1547034,7,Valor Medio-Alto,0.99502856
1533652,7,Valor Medio-Alto,0.994995
1531628,7,Valor Medio-Alto,0.9947017
1544783,7,Valor Medio-Alto,0.9946485
1544996,7,Valor Medio-Alto,0.994547
1543011,7,Valor Medio-Alto,0.9944939
526178,7,Valor Medio-Alto,0.9944523
1520833,7,Valor Medio-Alto,0.9944338
1522990,7,Valor Medio-Alto,0.9943909
1546358,7,Valor Medio-Alto,0.99438804
1523647,7,Valor Medio-Alto,0.9941467
1537014,7,Valor Medio-Alto,0.99394846
1530294,7,Valor Medio-Alto,0.9937569
1532866,7,Valor Medio-Alto,0.9937017
1535394,7,Valor Medio-Alto,0.9937004
1539420,7,Valor Medio-Alto,0.9936526
1534597,7,Valor Medio-Alto,0.99354386
1546418,7,Valor Medio-Alto,0.99350774
858409,7,Valor Medio-Alto,0.99347913
1538935,7,Valor Medio-Alto,0.9934582
1526690,7,Valor Medio-Alto,0.99345666
823625,7,Valor Medio-Alto,0.9934522
1548217,7,Valor Medio-Alto,0.9934349
1543209,7,Valor Medio-Alto,0.9929543
1530563,7,Valor Medio-Alto,0.99274206
1529387,7,Valor Medio-Alto,0.9926472
1536351,7,Valor Medio-Alto,0.992566
1546841,7,Valor Medio-Alto,0.9925563
1543477,7,Valor Medio-Alto,0.99252146
1533854,7,Valor Medio-Alto,0.99241924
1544204,7,Valor Medio-Alto,0.9923431
1542020,7,Valor Medio-Alto,0.99219066
1543353,7,Valor Medio-Alto,0.9921051
1541560,7,Valor Medio-Alto,0.99201703
1534700,7,Valor Medio-Alto,0.9918731
1546887,7,Valor Medio-Alto,0.991865
1014969,7,Valor Medio-Alto,0.9918325
1534638,7,Valor Medio-Alto,0.9918092
1543811,7,Valor Medio-Alto,0.99169135
1548150,7,Valor Medio-Alto,0.9916854
1547954,7,Valor Medio-Alto,0.99163276
1548156,7,Valor Medio-Alto,0.99163276
1543204,7,Valor Medio-Alto,0.9915822
1543709,7,Valor Medio-Alto,0.9914888
1526321,7,Valor Medio-Alto,0.9914323
1537928,7,Valor Medio-Alto,0.99132687
1547197,7,Valor Medio-Alto,0.99130213
1548058,7,Valor Medio-Alto,0.9912435
1547209,7,Valor Medio-Alto,0.9912423
1545431,7,Valor Medio-Alto,0.99123466
1546062,7,Valor Medio-Alto,0.9910958
1538768,8,Emergentes Premium,0.9998771
860425,8,Emergentes Premium,0.99986994
1538241,8,Emergentes Premium,0.99985445
727759,8,Emergentes Premium,0.99985445
1532610,8,Emergentes Premium,0.9998078
1541991,8,Emergentes Premium,0.9997434
313527,8,Emergentes Premium,0.9997105
1539663,8,Emergentes Premium,0.9996946
1538554,8,Emergentes Premium,0.9996866
1541628,8,Emergentes Premium,0.9996737
133490,8,Emergentes Premium,0.99961275
1543411,8,Emergentes Premium,0.9996031
1530308,8,Emergentes Premium,0.99960166
1534807,8,Emergentes Premium,0.9995901
1531008,8,Emergentes Premium,0.9995739
420310,8,Emergentes Premium,0.9995715
1534086,8,Emergentes Premium,0.99956065
1535253,8,Emergentes Premium,0.99952996
1515285,8,Emergentes Premium,0.99950814
1535541,8,Emergentes Premium,0.99950147
1529332,8,Emergentes Premium,0.99950063
1531884,8,Emergentes Premium,0.9994999
1541248,8,Emergentes Premium,0.9994892
1546470,8,Emergentes Premium,0.999468
1534238,8,Emergentes Premium,0.9994641
1248026,8,Emergentes Premium,0.9993992
1542843,8,Emergentes Premium,0.9993536
1545951,8,Emergentes Premium,0.9993536
1547993,8,Emergentes Premium,0.9993481
338186,8,Emergentes Premium,0.9993481
1538527,8,Emergentes Premium,0.99934393
1528982,8,Emergentes Premium,0.999323
1530544,8,Emergentes Premium,0.99931157
1532532,8,Emergentes Premium,0.9993087
1537786,8,Emergentes Premium,0.99926907
1534345,8,Emergentes Premium,0.99923897
1534797,8,Emergentes Premium,0.99923706
1540317,8,Emergentes Premium,0.9991757
1537059,8,Emergentes Premium,0.9991691
1545976,8,Emergentes Premium,0.9991592
44378,8,Emergentes Premium,0.9991592
1538581,8,Emergentes Premium,0.99911445
1533684,8,Emergentes Premium,0.9991068
1530321,8,Emergentes Premium,0.9990978
1534681,8,Emergentes Premium,0.99907887
1533612,8,Emergentes Premium,0.99900395
1544153,8,Emergentes Premium,0.99898475
1530098,8,Emergentes Premium,0.9989743
1546244,8,Emergentes Premium,0.9989556
1529549,8,Emergentes Premium,0.99893993
1536768,8,Emergentes Premium,0.99893564
1530156,8,Emergentes Premium,0.9989128
1532327,8,Emergentes Premium,0.9989126
1531540,8,Emergentes Premium,0.99885297
1537028,8,Emergentes Premium,0.99882835
1537689,8,Emergentes Premium,0.99882835
1552635,8,Emergentes Premium,0.9988153
18146,8,Emergentes Premium,0.99881184
1529783,8,Emergentes Premium,0.9988117
1503740,8,Emergentes Premium,0.9988084
720560,8,Emergentes Premium,0.9987953
1544384,8,Emergentes Premium,0.9987872
1547475,8,Emergentes Premium,0.9987612
1540838,8,Emergentes Premium,0.9987436
1538343,8,Emergentes Premium,0.9987362
1531552,8,Emergentes Premium,0.99871635
372943,8,Emergentes Premium,0.9986771
1537245,8,Emergentes Premium,0.9986689
1538336,8,Emergentes Premium,0.9986632
1531815,8,Emergentes Premium,0.99866223
1539945,8,Emergentes Premium,0.99865973
1539077,8,Emergentes Premium,0.9986499
1530409,8,Emergentes Premium,0.9986314
1530991,8,Emergentes Premium,0.9986314
1531602,8,Emergentes Premium,0.9986197
1544948,8,Emergentes Premium,0.9985959
1514201,8,Emergentes Premium,0.9985877
414355,8,Emergentes Premium,0.9985764
823257,8,Emergentes Premium,0.99857426
1539052,8,Emergentes Premium,0.9985524
1531426,8,Emergentes Premium,0.99853194
1548405,8,Emergentes Premium,0.99851733
1537449,8,Emergentes Premium,0.99850297
1538755,8,Emergentes Premium,0.99850297
1256429,8,Emergentes Premium,0.9984518
1533217,8,Emergentes Premium,0.9984341
1530368,8,Emergentes Premium,0.99842334
827590,8,Emergentes Premium,0.99841833
1543636,8,Emergentes Premium,0.99841523
1536009,8,Emergentes Premium,0.99840635
1529805,8,Emergentes Premium,0.9983942
1533640,8,Emergentes Premium,0.99839044
1532852,8,Emergentes Premium,0.9983897
445965,8,Emergentes Premium,0.9983866
1542061,8,Emergentes Premium,0.9983779
1513579,8,Emergentes Premium,0.99835736
1549819,8,Emergentes Premium,0.9983553
1532377,8,Emergentes Premium,0.9983512
1544135,8,Emergentes Premium,0.99832827
647775,8,Emergentes Premium,0.99832743
