volante_regulable,aire_acondicionado,camara_trasera,elevalunas_electrico,bluetooth,gps,a√±os_registro_venta,precio_log,potencia_log,km_log,tipo_gasolina_electro,tipo_gasolina_hybrid_petrol,tipo_gasolina_petrol,color_black,color_blue,color_brown,color_desconocido,color_green,color_grey,color_orange,color_red,color_silver,color_white,tipo_coche_coupe,tipo_coche_desconocido,tipo_coche_estate,tipo_coche_hatchback,tipo_coche_sedan,tipo_coche_subcompact,tipo_coche_suv,tipo_coche_van,alerta_lim_velocidad_no,alerta_lim_velocidad_si,venta_trimestre_venta_segundo_trimestre,venta_trimestre_venta_tercer_trimestre,modelo_grupo_Serie_1,modelo_grupo_Serie_4,modelo_grupo_Serie_5,modelo_grupo_Serie_6,modelo_grupo_Serie_7,modelo_grupo_Serie_Hybrid,modelo_grupo_Serie_M,modelo_grupo_Serie_Z
1,1,0,1,0,1,0.18518518518518517,9.332646496360152,0.48610332183734495,0.8210791132234563,0,0,0,1,0,0,0,0,0,0,0,0,0,0,1,0,0,0,0,0,0,0,0,0,0,1,0,0,0,0,0,0,0
1,1,0,0,1,1,0.07407407407407407,11.151969943847991,0.8969486072210116,0.4873600026006415,0,0,1,0,0,0,0,0,1,0,0,0,0,0,0,0,0,0,0,0,0,0,1,0,0,0,0,0,0,0,0,1,0
0,0,0,1,0,1,0.18518518518518517,9.23024103368252,0.5508216337502048,0.8595753369474133,0,0,0,0,0,0,0,0,0,0,0,0,1,0,1,0,0,0,0,0,0,1,0,0,0,0,0,0,0,0,0,0,0
1,1,0,1,1,1,0.1111111111111111,10.130662964963708,0.592683933040933,0.8077522973884457,0,0,0,0,0,0,0,0,0,0,1,0,0,0,0,0,0,0,0,0,0,0,0,0,0,0,1,0,0,0,0,0,0
1,1,0,0,1,1,0.18518518518518517,10.416341118636355,0.653132151864831,0.7678033009305925,0,0,0,0,0,0,0,0,0,0,0,1,0,0,1,0,0,0,0,0,0,0,1,1,0,0,1,0,0,0,0,0,0
1,1,0,1,1,1,0.2222222222222222,9.746892220313054,0.7746130766215851,0.8328676755943358,0,0,1,1,0,0,0,0,0,0,0,0,0,0,1,0,0,0,0,0,0,0,1,0,0,0,0,0,0,0,0,0,0
1,1,0,1,1,1,0.18518518518518517,9.425532393502772,0.6180997510991002,0.8758919066952138,0,0,0,0,0,0,0,0,1,0,0,0,0,0,0,0,0,0,0,0,0,0,1,0,0,0,0,0,0,0,0,0,0
1,1,0,0,1,1,0.2962962962962963,8.716207971151853,0.5034116533660344,0.7929459812725772,0,0,1,0,0,0,0,0,0,0,0,0,1,0,0,0,0,0,0,0,0,1,0,0,0,1,0,0,0,0,0,0,0
1,0,0,0,0,1,0.4444444444444444,8.732465848349879,0.5653261565644385,0.8029944206415567,0,0,1,1,0,0,0,0,0,0,0,0,0,0,0,0,0,0,0,0,0,1,0,0,0,0,0,0,0,0,0,0,1
0,0,0,1,0,1,0.14814814814814814,9.758519582283522,0.592683933040933,0.8201814110530536,0,0,0,0,0,0,0,0,0,0,0,0,1,0,0,0,0,0,0,0,0,1,0,0,0,0,0,0,0,0,0,0,0
1,1,0,1,0,1,0.14814814814814814,9.867912187022208,0.592683933040933,0.7345243503809864,0,0,0,0,1,0,0,0,0,0,0,0,0,0,0,0,0,0,0,0,0,0,1,0,0,0,0,0,0,0,0,0,0
1,1,0,1,0,1,0.18518518518518517,9.495594499353297,0.6180997510991002,0.8910960645290802,0,0,0,1,0,0,0,0,0,0,0,0,0,0,1,0,0,0,0,0,0,0,0,0,0,0,0,0,0,0,0,0,0
1,1,0,1,1,1,0.1111111111111111,9.985113621416073,0.592683933040933,0.8121845895422712,0,0,0,0,1,0,0,0,0,0,0,0,0,0,1,0,0,0,0,0,0,0,0,0,0,0,1,0,0,0,0,0,0
1,1,0,1,1,1,0.07407407407407407,10.499600568082863,0.592683933040933,0.7344231762060431,0,0,0,1,0,0,0,0,0,0,0,0,0,0,1,0,0,0,0,0,0,0,1,0,0,0,1,0,0,0,0,0,0
1,1,0,0,0,1,0.2962962962962963,9.259225769705994,0.5508216337502048,0.8525800784505961,0,0,0,0,0,0,1,0,0,0,0,0,0,0,0,0,0,0,0,0,0,1,0,1,0,1,0,0,0,0,0,0,0
1,1,0,1,0,1,0.3333333333333333,9.024131268455035,0.5792661557132386,0.8784907400105937,0,0,0,0,0,0,0,0,1,0,0,0,0,0,0,0,0,0,0,0,0,0,0,1,0,1,0,0,0,0,0,0,0
0,1,1,0,0,0,0.07407407407407407,9.994287576862567,0.592683933040933,0.5477976484394773,0,0,1,0,0,0,0,0,0,0,0,0,1,0,0,0,0,0,0,0,0,0,1,1,0,0,0,0,0,0,0,0,0
1,0,0,0,0,1,0.18518518518518517,9.127067452782361,0.8396587208054502,0.5690409553369176,0,0,1,0,0,0,0,0,1,0,0,0,0,0,0,0,0,0,0,0,0,1,0,0,1,0,0,0,1,0,0,0,0
1,1,0,1,0,1,0.2962962962962963,9.305741456739435,0.6180997510991002,0.8760712640219466,0,0,0,0,0,0,1,0,0,0,0,0,0,0,1,0,0,0,0,0,0,0,0,1,0,0,0,0,0,0,0,0,0
1,0,0,0,0,1,0.4444444444444444,8.94910546953925,0.5199220766650368,0.8087696099836945,0,0,1,1,0,0,0,0,0,0,0,0,0,0,1,0,0,0,0,0,0,1,0,1,0,0,0,0,0,0,0,0,1
0,0,0,0,1,1,0.14814814814814814,9.729193687429403,0.7746130766215851,0.8056821887050913,0,0,1,0,0,0,0,0,0,0,0,0,1,0,0,0,0,0,0,0,0,0,1,1,0,1,0,0,0,0,0,0,0
0,1,0,0,0,1,0.1111111111111111,10.34177474101152,0.48610332183734495,0.5710704462106155,0,0,1,0,0,0,0,0,1,0,0,0,0,0,0,0,0,0,0,0,0,0,1,1,0,0,0,0,0,0,0,0,0
1,1,0,1,0,1,0.1111111111111111,10.177362240256695,0.592683933040933,0.757482884963063,0,0,0,0,0,0,0,0,1,0,0,0,0,0,0,0,0,0,0,0,0,0,1,1,0,0,1,0,0,0,0,0,0
0,1,0,0,0,1,0.07407407407407407,10.056251557087757,0.6056172068558507,0.6628954658099901,0,0,0,0,0,0,0,0,0,1,0,0,0,0,1,0,0,0,0,0,0,0,1,1,0,0,0,0,0,0,0,0,0
1,0,0,1,0,1,0.4444444444444444,9.942756341456828,0.6950762404959439,0.6523691015765105,0,0,1,0,0,0,0,0,0,1,0,0,0,0,0,0,0,0,0,0,0,1,0,1,0,0,0,0,0,0,0,0,1
1,0,0,0,0,0,0.8148148148148149,7.496097345175956,0.42851230074266633,0.8693211101775973,0,0,1,0,0,0,1,0,0,0,0,0,0,0,0,0,0,0,0,0,0,1,0,1,0,0,0,0,0,0,0,0,0
1,1,0,1,0,1,0.1111111111111111,10.31231367277647,0.7143396326832558,0.7905744040078131,0,0,0,1,0,0,0,0,0,0,0,0,0,0,1,0,0,0,0,0,0,0,0,1,0,0,1,0,0,0,0,0,0
1,1,0,1,1,1,0.1111111111111111,10.264687244346277,0.592683933040933,0.7120183103143713,0,0,0,0,0,0,0,0,1,0,0,0,0,0,0,0,0,0,0,0,0,0,1,1,0,0,1,0,0,0,0,0,0
1,1,0,0,1,1,0.4444444444444444,8.77971129020447,0.5653261565644385,0.8029046223045131,0,0,1,1,0,0,0,0,0,0,0,0,0,0,0,0,0,0,0,0,0,1,0,1,0,0,0,0,0,0,0,0,1
1,1,0,1,0,1,0.18518518518518517,9.314790473332646,0.5508216337502048,0.8579548785877971,0,0,0,1,0,0,0,0,0,0,0,0,0,0,0,0,0,0,0,0,0,0,1,1,0,0,0,0,0,0,0,0,0
1,1,0,0,1,1,0.07407407407407407,9.200391041122515,0.5034116533660344,0.868598955325083,0,0,0,0,0,0,0,0,0,0,1,0,0,0,1,0,0,0,0,0,0,1,0,1,0,1,0,0,0,0,0,0,0
1,0,0,0,1,1,0.4444444444444444,9.15915233520675,0.5199220766650368,0.7447297755766542,0,0,1,0,0,0,0,0,1,0,0,0,0,0,0,0,0,0,0,0,0,1,0,1,0,0,0,0,0,0,0,0,1
0,1,0,0,0,1,0.1111111111111111,10.34177474101152,0.48610332183734495,0.5721236127127978,0,0,1,0,0,0,0,0,1,0,0,0,0,0,0,0,0,0,0,0,0,0,0,1,0,0,0,0,0,0,0,0,0
1,1,0,1,0,1,0.1111111111111111,10.221977646629885,0.592683933040933,0.7094656874477905,0,0,0,0,0,0,0,0,1,0,0,0,0,0,1,0,0,0,0,0,0,0,1,1,0,0,1,0,0,0,0,0,0
1,0,0,0,0,1,0.2962962962962963,8.612685172875459,0.5508216337502048,0.8989779541526013,0,0,0,0,0,0,0,0,1,0,0,0,0,0,1,0,0,0,0,0,0,0,0,1,0,1,0,0,0,0,0,0,0
1,0,0,0,1,1,0.4444444444444444,8.748463629942055,0.5653261565644385,0.8037270447355327,0,0,1,1,0,0,0,0,0,0,0,0,0,0,0,0,0,0,0,0,0,1,0,1,0,0,0,0,0,0,0,0,1
1,0,0,0,1,1,0.14814814814814814,7.783640596221253,0.5034116533660344,0.8626910114389739,0,0,1,0,0,0,1,0,0,0,0,0,0,0,0,0,0,0,0,0,0,0,0,1,0,0,0,0,0,0,0,0,0
1,0,0,0,0,1,0.18518518518518517,8.824824939175638,0.8396587208054502,0.5686339751798828,0,0,1,0,0,0,0,0,1,0,0,0,0,0,1,0,0,0,0,0,0,1,0,0,1,0,0,0,1,0,0,0,0
1,1,0,1,0,1,0.037037037037037035,10.094149233605084,0.5199220766650368,0.5183858310737492,0,0,0,0,0,0,0,0,0,0,0,0,1,0,0,0,0,0,0,0,0,0,1,0,1,0,0,0,0,0,0,0,0
1,1,0,1,0,1,0.3333333333333333,9.375939552625749,0.5508216337502048,0.8679148283635343,0,0,0,0,0,0,0,0,0,0,0,0,0,0,0,0,0,0,0,0,0,1,0,0,1,0,0,0,0,0,0,0,0
1,1,0,1,0,1,0.1111111111111111,10.442929787247998,0.5508216337502048,0.6272656635061216,0,0,0,1,0,0,0,0,0,0,0,0,0,0,0,0,0,0,0,0,0,0,1,0,1,0,1,0,0,0,0,0,0
1,0,0,0,1,1,0.2222222222222222,9.401043372798053,0.7916371894529681,0.9160006480113272,0,0,1,1,0,0,0,0,0,0,0,0,0,0,1,0,0,0,0,0,0,0,0,0,1,0,0,0,0,0,0,1,0
1,1,0,1,0,1,0.14814814814814814,9.6678285081515,0.6950762404959439,0.8231948859371294,0,0,0,0,1,0,0,0,0,0,0,0,0,0,0,0,0,0,0,0,0,0,1,1,0,0,0,0,0,0,0,0,0
1,1,0,0,0,1,0.3333333333333333,8.987321812850125,0.5508216337502048,0.8880675494811381,0,0,0,0,1,0,0,0,0,0,0,0,0,0,0,0,0,0,0,0,0,0,1,0,1,1,0,0,0,0,0,0,0
1,0,0,1,1,1,0.3333333333333333,9.105090961257085,0.5792661557132386,0.8388592350464639,0,0,0,1,0,0,0,0,0,0,0,0,0,0,0,0,0,0,0,0,0,1,0,0,1,1,0,0,0,0,0,0,0
0,1,0,1,0,1,0.1111111111111111,10.098272780745283,0.5199220766650368,0.4788394604645787,0,0,0,0,0,0,0,0,1,0,0,0,0,0,1,0,0,0,0,0,0,0,0,0,1,0,0,0,0,0,0,0,0
1,0,0,0,1,1,0.5925925925925926,7.8636512654486515,0.5034116533660344,0.8625444174712091,0,0,1,0,0,0,0,0,0,0,1,0,0,0,0,0,0,0,0,0,0,1,0,0,1,0,0,0,0,0,0,0,0
1,0,0,1,0,1,0.1111111111111111,9.97119292889014,0.592683933040933,0.5466261419780034,0,0,1,0,0,0,1,0,0,0,0,0,0,1,0,0,0,0,0,0,0,1,0,1,0,0,1,0,0,0,0,0,0
0,0,0,0,0,0,0.1111111111111111,10.173552856959743,0.592683933040933,0.6725857686649475,0,0,0,0,0,0,0,0,1,0,0,0,0,1,0,0,0,0,0,0,0,0,1,1,0,0,1,0,0,0,0,0,0
1,1,1,0,0,1,0.18518518518518517,9.036106025364846,0.48610332183734495,0.8278793607371275,0,0,0,0,0,0,1,0,0,0,0,0,0,1,0,0,0,0,0,0,0,0,0,0,1,1,0,0,0,0,0,0,0
